ID,Name,Created,Expires,Expired,Locked,Autorenew
26387258,clowdops.com,10/27/2017,10/27/2018,false,false,true
26387700,clowdops.net,10/27/2017,10/27/2018,false,false,true
26237634,daytripjournal.club,10/19/2017,10/19/2018,false,false,false
26237631,daytripjournal.com,10/19/2017,10/19/2018,false,false,true
8591730,eddyconsulting.com,09/19/2013,09/19/2018,false,false,true
8591759,georgeeddy.com,06/08/2013,06/08/2019,false,false,true
17184829,goesgetter.com,10/29/2015,10/29/2018,false,false,true
28290022,grumpyengineers.io,02/24/2018,02/24/2019,false,false,false
28349370,grumpyengineers.net,02/28/2018,02/28/2019,false,false,false
28290023,grumpyengineers.org,02/24/2018,02/24/2019,false,false,false
8591776,gumsole.com,12/18/2014,12/18/2020,false,false,true
27187786,gumsole.net,12/13/2017,12/13/2018,false,false,true
27187787,gumsole.org,12/13/2017,12/13/2018,false,false,true
27402956,hackerof.com,12/30/2017,12/30/2018,false,false,true
27402957,hackerof.tech,12/30/2017,12/30/2018,false,false,true
27402955,hackerof.world,12/30/2017,12/30/2018,false,false,true
27577116,hbnow.info,01/11/2018,01/11/2019,false,false,true
27577117,hbnow.online,01/11/2018,01/11/2019,false,false,false
27577115,hbnow.us,01/11/2018,01/11/2019,false,false,true
6213841,henryeddy.com,09/06/2010,09/06/2020,false,false,true
6368330,homeofficejournal.com,10/12/2010,10/12/2018,false,false,true
8591799,homesincostamesa.com,07/31/2012,07/31/2018,false,false,true
6750444,lakeparkhosting.com,01/19/2011,01/20/2019,false,false,true
10219436,lakeparkhosting.net,12/01/2012,12/01/2018,false,false,true
7390882,lakeparkonline.com,07/05/2011,07/05/2019,false,false,true
11743302,lpon.us,09/15/2013,09/14/2018,false,false,true
22653025,makerof.cloud,02/11/2017,02/11/2020,false,false,true
22653028,makerof.life,02/11/2017,02/11/2019,false,false,false
22655619,makerof.net,02/12/2017,02/12/2019,false,false,true
22653029,makerof.site,02/11/2017,02/11/2022,false,false,false
22653031,makerof.website,02/11/2017,02/11/2020,false,false,false
22653030,makerof.world,02/11/2017,02/11/2019,false,false,false
22653024,makerofcloud.com,02/11/2017,02/11/2020,false,false,false
22653026,makerofclouds.com,02/11/2017,02/11/2019,false,false,false
27959802,metabizarre.club,02/04/2018,02/04/2019,false,false,false
28280399,mobilerobotmechanic.com,02/24/2018,02/24/2019,false,false,false
28280398,mobilerobotmechanic.net,02/24/2018,02/24/2019,false,false,false
28280400,mobilerobotmechanic.org,02/24/2018,02/24/2019,false,false,false
16048769,mojavetropicofilm.com,07/09/2015,07/09/2018,false,false,false
16973382,mojavetropicofilming.com,10/06/2015,10/06/2018,false,false,true
16048768,mojavetropicofilms.com,07/09/2015,07/09/2018,false,false,false
21995302,nuckle5.com,12/19/2016,12/19/2018,false,false,false
9991267,oclowvision.com,10/11/2012,10/11/2018,false,false,false
9765688,orangecountylowvision.com,08/27/2012,08/27/2018,false,false,true
5954805,otiseddy.com,04/23/2010,04/23/2018,false,false,false
25994004,ottomaker.net,10/05/2017,10/05/2018,false,false,false
25994003,ottomaker.org,10/05/2017,10/05/2018,false,false,false
26890241,ottomater.com,11/26/2017,11/26/2018,false,false,false
28090022,rusty.party,02/12/2018,02/12/2023,false,false,false
5954806,rustyeddy.com,05/17/2010,05/17/2021,false,false,true
28338108,rustyeddy.net,02/28/2018,02/28/2019,false,false,false
25767154,s3spa.net,09/22/2017,09/22/2018,false,false,false
25767155,s3spa.org,09/22/2017,09/22/2018,false,false,false
8591800,sarahheredia.com,10/21/2014,10/21/2018,false,false,false
5953890,smallofficejournal.com,04/24/2010,04/24/2018,false,false,false
28514128,thundermonkey.fun,03/10/2018,03/10/2019,false,false,false
28514127,thundermonkey.space,03/10/2018,03/10/2019,false,false,false
5894908,tuliptrader.com,06/21/2010,06/21/2021,false,false,false
27422123,uidiot.net,01/01/2018,01/01/2019,false,false,false
27993176,vsldigital.com,02/06/2018,02/06/2019,false,false,false
13249885,wpvirtual.com,06/11/2014,06/11/2019,false,false,false
